--
-- PostgreSQL database dump
--

-- Dumped from database version 9.5.12
-- Dumped by pg_dump version 10.3

SET statement_timeout = 0;
SET lock_timeout = 0;
SET idle_in_transaction_session_timeout = 0;
SET client_encoding = 'UTF8';
SET standard_conforming_strings = on;
SELECT pg_catalog.set_config('search_path', '', false);
SET check_function_bodies = false;
SET client_min_messages = warning;
SET row_security = off;

--
-- Name: plpgsql; Type: EXTENSION; Schema: -; Owner: 
--

CREATE EXTENSION IF NOT EXISTS plpgsql WITH SCHEMA pg_catalog;


--
-- Name: EXTENSION plpgsql; Type: COMMENT; Schema: -; Owner: 
--

COMMENT ON EXTENSION plpgsql IS 'PL/pgSQL procedural language';


SET default_tablespace = '';

SET default_with_oids = false;

--
-- Name: Answer; Type: TABLE; Schema: public; Owner: BiAMa
--

CREATE TABLE public."Answer" (
    id_answer integer NOT NULL,
    id_question integer NOT NULL,
    text_answer text,
    "likesAnswer" integer
);


ALTER TABLE public."Answer" OWNER TO "BiAMa";

--
-- Name: Curiosity; Type: TABLE; Schema: public; Owner: BiAMa
--

CREATE TABLE public."Curiosity" (
    forum_type text NOT NULL,
    title text,
    image text NOT NULL,
    "descriptionCuriosity" text
);


ALTER TABLE public."Curiosity" OWNER TO "BiAMa";

--
-- Name: Favorite; Type: TABLE; Schema: public; Owner: BiAMa
--

CREATE TABLE public."Favorite" (
    id_favorite integer NOT NULL,
    user_id integer NOT NULL,
    material_id integer,
    question_id integer
);


ALTER TABLE public."Favorite" OWNER TO "BiAMa";

--
-- Name: Forum; Type: TABLE; Schema: public; Owner: BiAMa
--

CREATE TABLE public."Forum" (
    type_forum text NOT NULL,
    library_id integer NOT NULL
);


ALTER TABLE public."Forum" OWNER TO "BiAMa";

--
-- Name: Library; Type: TABLE; Schema: public; Owner: BiAMa
--

CREATE TABLE public."Library" (
    id_library integer NOT NULL,
    location text,
    description text,
    "locationDescription" text
);


ALTER TABLE public."Library" OWNER TO "BiAMa";

--
-- Name: Library_Material; Type: TABLE; Schema: public; Owner: BiAMa
--

CREATE TABLE public."Library_Material" (
    library_id integer NOT NULL,
    material_id integer NOT NULL
);


ALTER TABLE public."Library_Material" OWNER TO "BiAMa";

--
-- Name: Library_User; Type: TABLE; Schema: public; Owner: BiAMa
--

CREATE TABLE public."Library_User" (
    library_id integer NOT NULL,
    user_id integer NOT NULL
);


ALTER TABLE public."Library_User" OWNER TO "BiAMa";

--
-- Name: Material; Type: TABLE; Schema: public; Owner: BiAMa
--

CREATE TABLE public."Material" (
    id integer NOT NULL,
    type text,
    color text,
    code text,
    name text,
    category text,
    description text
);


ALTER TABLE public."Material" OWNER TO "BiAMa";

--
-- Name: sequence_notification; Type: SEQUENCE; Schema: public; Owner: BiAMa
--

CREATE SEQUENCE public.sequence_notification
    START WITH 1
    INCREMENT BY 1
    NO MINVALUE
    MAXVALUE 999999
    CACHE 1;


ALTER TABLE public.sequence_notification OWNER TO "BiAMa";

--
-- Name: Notification; Type: TABLE; Schema: public; Owner: BiAMa
--

CREATE TABLE public."Notification" (
    id_notification bigint DEFAULT nextval('public.sequence_notification'::regclass) NOT NULL,
    text_notification text,
    date_notification text,
    insert text
);


ALTER TABLE public."Notification" OWNER TO "BiAMa";

--
-- Name: sequence_start_0; Type: SEQUENCE; Schema: public; Owner: postgres
--

CREATE SEQUENCE public.sequence_start_0
    START WITH 0
    INCREMENT BY 1
    MINVALUE 0
    MAXVALUE 999999
    CACHE 1;


ALTER TABLE public.sequence_start_0 OWNER TO postgres;

--
-- Name: Question; Type: TABLE; Schema: public; Owner: postgres
--

CREATE TABLE public."Question" (
    id_question bigint DEFAULT nextval('public.sequence_start_0'::regclass) NOT NULL,
    text_question text,
    "likesQuestion" integer,
    forum_type text
);


ALTER TABLE public."Question" OWNER TO postgres;

--
-- Name: Share; Type: TABLE; Schema: public; Owner: BiAMa
--

CREATE TABLE public."Share" (
    forum_type text NOT NULL,
    title text,
    image text NOT NULL,
    "descriptionShare" text
);


ALTER TABLE public."Share" OWNER TO "BiAMa";

--
-- Name: sequence_user; Type: SEQUENCE; Schema: public; Owner: BiAMa
--

CREATE SEQUENCE public.sequence_user
    START WITH 1
    INCREMENT BY 1
    NO MINVALUE
    MAXVALUE 9999999
    CACHE 1;


ALTER TABLE public.sequence_user OWNER TO "BiAMa";

--
-- Name: User; Type: TABLE; Schema: public; Owner: BiAMa
--

CREATE TABLE public."User" (
    id bigint DEFAULT nextval('public.sequence_user'::regclass) NOT NULL,
    name text,
    email text,
    birthdate text,
    image text,
    username text,
    password text
);


ALTER TABLE public."User" OWNER TO "BiAMa";

--
-- Data for Name: Answer; Type: TABLE DATA; Schema: public; Owner: BiAMa
--

COPY public."Answer" (id_answer, id_question, text_answer, "likesAnswer") FROM stdin;
2	2	Realmente, tem mais sentido.	0
1	1	Este material pode estar incluído em diferentes categorias.	1
3	1	Mas pensando nisso...	0
4	1	fdsf	0
5	1	Save meee	0
6	1	\N	0
7	0	dsada	0
8	0	sarara	0
\.


--
-- Data for Name: Curiosity; Type: TABLE DATA; Schema: public; Owner: BiAMa
--

COPY public."Curiosity" (forum_type, title, image, "descriptionCuriosity") FROM stdin;
forum1	Plastic-fish	plastic_6.png	Este material é feito de escamas de peixe compactadas que são aquecidas sob pressão, criando um composto sólido. Todo mundo que pega esse material, uma vez dito que é feito de escamas de peixe, sempre o cheira. Não tem cheiro de peixe. Realmente não cheira nada - o processo de fabricação esteriliza completamente a balança, portanto não há odor residual nem essência do peixe restante.
forum2	Projeto-animal	proj1_animal.png	Este infeliz escorpião é sepultado em uma bolha de plástico transparente com uma base azul perolada e está sendo usado para pesar papéis, ou como um ornamento ligeiramente alarmante. Está preso a um disco de feltro sintético para proteger sua mesa. O plástico é uma resina de fundição líquida sintética de duas partes - geralmente acrílico ou poliuretano. Em seu estado líquido, é um monômero, que é misturado com seu agente químico de cura ou catalisador, e vertido em um molde contendo o escorpião. Como a resina endurece, "polimeriza" em um polímero. A reação exotérmica química faz com que o plástico aqueça durante a cura, tornando a maioria das resinas de fundição impróprias para cera ou outros objetos de baixo ponto de fusão. Pouco antes de a resina clara ficar dura, o fabricante colocaria outra camada fina contendo pigmento azul e algum tipo de pó perolado, para dar ao peso de papel aquele efeito no fundo do mar. O molde usado para a forma de bolha foi provavelmente feito de borracha de silicone, o que permite que o objeto se torne claro e brilhante,\r\nsem necessidade de polimento. A resina não é uma substância agradável para se trabalhar, pois libera vapores químicos irritantes que são muito fedorentos. Os tipos anteriores de resina tendiam a ficar amarelados, frágeis ou turvos com a idade e a exposição aos raios UV durante o dia, arruinando muitos monitores de museus, mas formulações mais modernas permanecerão claras e duras indefinidamente.
\.


--
-- Data for Name: Favorite; Type: TABLE DATA; Schema: public; Owner: BiAMa
--

COPY public."Favorite" (id_favorite, user_id, material_id, question_id) FROM stdin;
1	1	\N	2
2	1	3	-1
3	1	\N	2
4	1	\N	2
5	1	\N	2
6	1	\N	2
7	1	\N	2
8	1	\N	2
9	1	\N	2
10	1	\N	2
11	1	\N	\N
12	1	\N	2
13	1	\N	2
14	1	\N	2
15	1	\N	2
\.


--
-- Data for Name: Forum; Type: TABLE DATA; Schema: public; Owner: BiAMa
--

COPY public."Forum" (type_forum, library_id) FROM stdin;
forum1	1
forum2	2
forum3	3
forum4	4
forum5	5
\.


--
-- Data for Name: Library; Type: TABLE DATA; Schema: public; Owner: BiAMa
--

COPY public."Library" (id_library, location, description, "locationDescription") FROM stdin;
2	embed?pb=!1m18!1m12!1m3!1d3112.171639197157!2d-9.140899049968251!3d38.73682336389977!2m3!1f0!2f0!3f0!3m2!1i1024!2i768!4f13.1!3m3!1m2!1s0xd1933a24aa81f17%3A0x880c7c731a54423!2sInstituto+Superior+T%C3%A9cnico!5e0!3m2!1spt-PT!2spt!4v1529528847654	Com os avanços da tecnologia, surge a necessidade de criar bibliotecas digitais de acesso aberto. Este tipo de bibliotecas são muito úteis no que diz respeito à deslocação, pois não é necessário o utilizador se deslocar para pesquisar algum material, projeto de material, entre outros. O nome BiAMa, tem como significado "Biblioteca Aberta de Materiais".	Instituto Superior Técnico de Lisboa
1	embed?pb=!1m18!1m12!1m3!1d6223.537995391765!2d-9.19961064513007!3d38.74606284620067!2m3!1f0!2f0!3f0!3m2!1i1024!2i768!4f13.1!3m3!1m2!1s0xd1eccd41dcab0e3%3A0x2f691f9dce18f0f5!2sEscola+Superior+de+Educa%C3%A7%C3%A3o+de+Lisboa%2C+Lisboa!5e0!3m2!1spt-PT!2spt!4v1529528684919	Com os avanços da tecnologia, surge a necessidade de criar bibliotecas digitais de acesso aberto. Este tipo de bibliotecas são muito úteis no que diz respeito à deslocação, pois não é necessário o utilizador se deslocar para pesquisar algum material, projeto de material, entre outros. O nome BiAMa, tem como significado "Biblioteca Aberta de Materiais".	Escola Superior de Educação de Lisboa
3	\N	\N	\N
4	\N	\N	\N
5	\N	\N	\N
\.


--
-- Data for Name: Library_Material; Type: TABLE DATA; Schema: public; Owner: BiAMa
--

COPY public."Library_Material" (library_id, material_id) FROM stdin;
1	1
1	4
1	5
1	6
1	7
2	2
2	3
2	8
1	10
1	11
1	13
1	14
2	15
1	16
1	17
1	18
2	19
2	20
1	21
1	22
1	23
2	24
2	25
1	26
1	27
1	28
2	29
1	30
2	31
1	32
1	33
1	34
1	35
2	36
2	37
2	38
2	39
1	40
1	42
1	43
2	44
3	45
2	46
2	47
1	48
2	49
1	50
2	12
\.


--
-- Data for Name: Library_User; Type: TABLE DATA; Schema: public; Owner: BiAMa
--

COPY public."Library_User" (library_id, user_id) FROM stdin;
2	1
\.


--
-- Data for Name: Material; Type: TABLE DATA; Schema: public; Owner: BiAMa
--

COPY public."Material" (id, type, color, code, name, category, description) FROM stdin;
24	composite	white	24	016_c.png	Composite	cenas1
23	composite	beige	23	014_c.png	Composite	cenas1
22	composite	white	22	015_c.png	Composite	cenas1
21	composite	green	21	012_c.png	Composite	cenas1
20	composite	black	20	08_c.png	Composite	cenas1
19	composite	beige	19	05_c.png	Composite	cenas1
18	composite	blue	18	04_c.png	Composite	cenas1
17	composite	black	17	010_c.png	Composite	cenas1
16	ceramic	white	16	04_ce.png	Ceramic	cenas1
15	ceramic	white	15	02_ce.png	Ceramic	cenas1
14	ceramic	orange	14	01_ce.png	Ceramic	cenas1
13	ceramic	gray	13	00_ce.png	Ceramic	cenas1
12	animal	white	12	an_02.png	Animal	cenas1
11	animal	pink	11	an_04.png	Animal	cenas1
10	animal	green	10	an_00.png	Animal	cenas1
8	animal	blue	8	an_01.png	Animal	cenas1
7	vegetable	beige	7	01_v.png	Vegetable	cenas1
6	polymers	white	6	027_p.png	Polymers	cenas1
5	mineral	blue	5	03_m.png	Mineral	cenas1
47	vegetable	white	47	proj1_vegetable.png	Vegetable	cenas1
1	animal	black	1\r\n	an_03.png	Animal	cenas1
2	ceramic	white	2	02_ce.png	Ceramic	cenas1
4	metal	gray	4	08_me.png	Metal	cenas1
3	composite	black	3	03_c.png	Composite	cenas1
50	vegetable	brown	50	proj16_vegetable.png	Vegetable	cenas1
49	vegetable	beige	49	proj14_vegetable.png	Vegetable	cenas1
48	vegetable	beige	48	proj9_vegetable.png	Vegetable	cenas1
46	vegetable	brown	46	02_v.png	Vegetable	cenas1
45	vegetable	brown	45	00_v.png	Vegetable	cenas1
44	polymers	yellow	44	031_p.png	Polymers	cenas1
38	polymers	red	38	015_p.png	Polymers	cenas1
37	polymers	yellow	37	010_p.png	Polymers	cenas1
36	polymers	gray	36	02_p.png	Polymers	cenas1
35	mineral	gray	35	07_m.png	Mineral	cenas1
34	mineral	diamond	34	011_m.png	Mineral	cenas1
33	mineral	beige	33	08_m.png	Mineral	cenas1
32	mineral	gray	32	06_m.png	Mineral	cenas1
43	polymers	white	43	021_p.png	Polymers	cenas1
42	polymers	brown	42	026_p.png	Polymers	cenas1
41	polymers	gray	41	024_p.png	Polymers	cenas1
40	polymers	gray	40	019_p.png	Polymers	cenas1
39	polymers	orange	39	018_p.png	Polymers	cenas1
31	mineral	green	31	01_m.png	Mineral	cenas1
30	mineral	beige	30	02_m.png	Mineral	cenas1
29	metal	gray	29	028_me.png	Metal	cenas1
28	metal	yellow	28	027_me.png	Metal	cenas1
27	metal	gray	27	026_me.png	Metal	cenas1
26	metal	gray	26	017_me.png	Metal	cenas1
25	metal	brown	25	011_me.png	Metal	cenas1
\.


--
-- Data for Name: Notification; Type: TABLE DATA; Schema: public; Owner: BiAMa
--

COPY public."Notification" (id_notification, text_notification, date_notification, insert) FROM stdin;
1	Foi adicionado um novo material	Há 2 minutos	yes
2	Novas curiosidades disponíveis	Há 30 minutos	yes
3	Utilizador x respondei à tua pergunta	Há 1 hora	yes
\.


--
-- Data for Name: Question; Type: TABLE DATA; Schema: public; Owner: postgres
--

COPY public."Question" (id_question, text_question, "likesQuestion", forum_type) FROM stdin;
1	Os materiais podem estar associados a mais do que uma categoria?	0	forum1
0	Os materiais podem estar associados a uma categoria?	0	forum3
2	Sempre que pesquisa por um material, pode fazer por categoria,certo?	2	forum2
3	Como pesquisar por categoria?	2	forum4
\.


--
-- Data for Name: Share; Type: TABLE DATA; Schema: public; Owner: BiAMa
--

COPY public."Share" (forum_type, title, image, "descriptionShare") FROM stdin;
forum1	ws0	ws_00.png	Cenas0
forum1	ws3	ws_03.png	Cenas3
forum1	ws2	ws_02.png	Cenas2
forum1	ws1	ws_01.png	Cenas1
forum1	ws4	ws_04.png	Cenas4
forum2	ws5	ws_05.png	Cenas5
\.


--
-- Data for Name: User; Type: TABLE DATA; Schema: public; Owner: BiAMa
--

COPY public."User" (id, name, email, birthdate, image, username, password) FROM stdin;
1	Sara	sara@gmail.com	01/01/2000	IMG_0039.JPG	sara	sara
\.


--
-- Name: sequence_notification; Type: SEQUENCE SET; Schema: public; Owner: BiAMa
--

SELECT pg_catalog.setval('public.sequence_notification', 3, true);


--
-- Name: sequence_start_0; Type: SEQUENCE SET; Schema: public; Owner: postgres
--

SELECT pg_catalog.setval('public.sequence_start_0', 7, true);


--
-- Name: sequence_user; Type: SEQUENCE SET; Schema: public; Owner: BiAMa
--

SELECT pg_catalog.setval('public.sequence_user', 1, false);


--
-- Name: Answer Answer_pkey; Type: CONSTRAINT; Schema: public; Owner: BiAMa
--

ALTER TABLE ONLY public."Answer"
    ADD CONSTRAINT "Answer_pkey" PRIMARY KEY (id_answer, id_question);


--
-- Name: Curiosity Curiosity_pkey; Type: CONSTRAINT; Schema: public; Owner: BiAMa
--

ALTER TABLE ONLY public."Curiosity"
    ADD CONSTRAINT "Curiosity_pkey" PRIMARY KEY (image);


--
-- Name: Favorite Favorite_pkey; Type: CONSTRAINT; Schema: public; Owner: BiAMa
--

ALTER TABLE ONLY public."Favorite"
    ADD CONSTRAINT "Favorite_pkey" PRIMARY KEY (id_favorite, user_id);


--
-- Name: Forum Forum_pkey; Type: CONSTRAINT; Schema: public; Owner: BiAMa
--

ALTER TABLE ONLY public."Forum"
    ADD CONSTRAINT "Forum_pkey" PRIMARY KEY (type_forum);


--
-- Name: Library_Material Library_Material_pkey; Type: CONSTRAINT; Schema: public; Owner: BiAMa
--

ALTER TABLE ONLY public."Library_Material"
    ADD CONSTRAINT "Library_Material_pkey" PRIMARY KEY (library_id, material_id);


--
-- Name: Library_User Library_User_pkey; Type: CONSTRAINT; Schema: public; Owner: BiAMa
--

ALTER TABLE ONLY public."Library_User"
    ADD CONSTRAINT "Library_User_pkey" PRIMARY KEY (library_id, user_id);


--
-- Name: Material Material_code_key; Type: CONSTRAINT; Schema: public; Owner: BiAMa
--

ALTER TABLE ONLY public."Material"
    ADD CONSTRAINT "Material_code_key" UNIQUE (code);


--
-- Name: Notification Notification_pkey; Type: CONSTRAINT; Schema: public; Owner: BiAMa
--

ALTER TABLE ONLY public."Notification"
    ADD CONSTRAINT "Notification_pkey" PRIMARY KEY (id_notification);


--
-- Name: Question Question_pkey; Type: CONSTRAINT; Schema: public; Owner: postgres
--

ALTER TABLE ONLY public."Question"
    ADD CONSTRAINT "Question_pkey" PRIMARY KEY (id_question);


--
-- Name: Share Share_pkey; Type: CONSTRAINT; Schema: public; Owner: BiAMa
--

ALTER TABLE ONLY public."Share"
    ADD CONSTRAINT "Share_pkey" PRIMARY KEY (image);


--
-- Name: User User_pkey1; Type: CONSTRAINT; Schema: public; Owner: BiAMa
--

ALTER TABLE ONLY public."User"
    ADD CONSTRAINT "User_pkey1" PRIMARY KEY (id);


--
-- Name: User User_username_key; Type: CONSTRAINT; Schema: public; Owner: BiAMa
--

ALTER TABLE ONLY public."User"
    ADD CONSTRAINT "User_username_key" UNIQUE (username);


--
-- Name: Library id; Type: CONSTRAINT; Schema: public; Owner: BiAMa
--

ALTER TABLE ONLY public."Library"
    ADD CONSTRAINT id PRIMARY KEY (id_library);


--
-- Name: Material material_pkey; Type: CONSTRAINT; Schema: public; Owner: BiAMa
--

ALTER TABLE ONLY public."Material"
    ADD CONSTRAINT material_pkey PRIMARY KEY (id);


--
-- Name: Answer Answer_idQuestion_fkey; Type: FK CONSTRAINT; Schema: public; Owner: BiAMa
--

ALTER TABLE ONLY public."Answer"
    ADD CONSTRAINT "Answer_idQuestion_fkey" FOREIGN KEY (id_question) REFERENCES public."Question"(id_question);


--
-- Name: Curiosity Curiosity_forum_type_fkey; Type: FK CONSTRAINT; Schema: public; Owner: BiAMa
--

ALTER TABLE ONLY public."Curiosity"
    ADD CONSTRAINT "Curiosity_forum_type_fkey" FOREIGN KEY (forum_type) REFERENCES public."Forum"(type_forum);


--
-- Name: Favorite Favorite_material_id_fkey; Type: FK CONSTRAINT; Schema: public; Owner: BiAMa
--

ALTER TABLE ONLY public."Favorite"
    ADD CONSTRAINT "Favorite_material_id_fkey" FOREIGN KEY (material_id) REFERENCES public."Material"(id);


--
-- Name: Favorite Favorite_user_id_fkey; Type: FK CONSTRAINT; Schema: public; Owner: BiAMa
--

ALTER TABLE ONLY public."Favorite"
    ADD CONSTRAINT "Favorite_user_id_fkey" FOREIGN KEY (user_id) REFERENCES public."User"(id);


--
-- Name: Forum Forum_library_id_fkey; Type: FK CONSTRAINT; Schema: public; Owner: BiAMa
--

ALTER TABLE ONLY public."Forum"
    ADD CONSTRAINT "Forum_library_id_fkey" FOREIGN KEY (library_id) REFERENCES public."Library"(id_library);


--
-- Name: Library_Material Library_Material_library_id_fkey; Type: FK CONSTRAINT; Schema: public; Owner: BiAMa
--

ALTER TABLE ONLY public."Library_Material"
    ADD CONSTRAINT "Library_Material_library_id_fkey" FOREIGN KEY (library_id) REFERENCES public."Library"(id_library);


--
-- Name: Library_Material Library_Material_material_id_fkey; Type: FK CONSTRAINT; Schema: public; Owner: BiAMa
--

ALTER TABLE ONLY public."Library_Material"
    ADD CONSTRAINT "Library_Material_material_id_fkey" FOREIGN KEY (material_id) REFERENCES public."Material"(id);


--
-- Name: Library_User Library_User_library_id_fkey; Type: FK CONSTRAINT; Schema: public; Owner: BiAMa
--

ALTER TABLE ONLY public."Library_User"
    ADD CONSTRAINT "Library_User_library_id_fkey" FOREIGN KEY (library_id) REFERENCES public."Library"(id_library);


--
-- Name: Library_User Library_User_user_id_fkey; Type: FK CONSTRAINT; Schema: public; Owner: BiAMa
--

ALTER TABLE ONLY public."Library_User"
    ADD CONSTRAINT "Library_User_user_id_fkey" FOREIGN KEY (user_id) REFERENCES public."User"(id);


--
-- Name: Question Question_forum_type_fkey; Type: FK CONSTRAINT; Schema: public; Owner: postgres
--

ALTER TABLE ONLY public."Question"
    ADD CONSTRAINT "Question_forum_type_fkey" FOREIGN KEY (forum_type) REFERENCES public."Forum"(type_forum);


--
-- Name: Share Share_forum_type_fkey; Type: FK CONSTRAINT; Schema: public; Owner: BiAMa
--

ALTER TABLE ONLY public."Share"
    ADD CONSTRAINT "Share_forum_type_fkey" FOREIGN KEY (forum_type) REFERENCES public."Forum"(type_forum);


--
-- Name: SCHEMA public; Type: ACL; Schema: -; Owner: postgres
--

REVOKE ALL ON SCHEMA public FROM PUBLIC;
REVOKE ALL ON SCHEMA public FROM postgres;
GRANT ALL ON SCHEMA public TO postgres;
GRANT ALL ON SCHEMA public TO PUBLIC;


--
-- PostgreSQL database dump complete
--

